,0,1,2,3,4,5,6
0,OSINT Framework,Username,Username Search Engines,,,Namechk,https://namechk.com/
1,OSINT Framework,Username,Username Search Engines,,,Username Check,http://www.usernamecheck.com/
2,OSINT Framework,Username,Username Search Engines,,,KnowEm,http://knowem.com/
3,OSINT Framework,Username,Username Search Engines,,,NameCheckr,https://www.namecheckr.com/
4,OSINT Framework,Username,Username Search Engines,,,User Sherlock,http://usersherlock.com/
5,OSINT Framework,Username,Username Search Engines,,,UserSearch.org,https://usersearch.org/
6,OSINT Framework,Username,Username Search Engines,,,Thats Them,https://thatsthem.com/
7,OSINT Framework,Username,Username Search Engines,,,IntelTechniques Username Tools,https://inteltechniques.com/intel/OSINT/username.html
8,OSINT Framework,Username,Specific Sites,,,Amazon Usernames (M),https://www.google.com/search?q=site:amazon.com+%3Cusername%3E
9,OSINT Framework,Username,Specific Sites,,,Amazon Wishlists,https://www.amazon.com/gp/registry/search.html/?ie=UTF8&type=wishlist
10,OSINT Framework,Username,Specific Sites,,,Github User (M),https://api.github.com/users/%3Cusername%3E/events/public
11,OSINT Framework,Email Address,Email Search,,,ThatsThem,https://thatsthem.com/reverse-email-lookup
12,OSINT Framework,Email Address,Email Search,,,Email to Address (R),http://www.melissadata.com/lookups/emails.asp
13,OSINT Framework,Email Address,Email Search,,,Email Hunter,https://emailhunter.co/
14,OSINT Framework,Email Address,Email Search,,,Pipl,https://pipl.com/
15,OSINT Framework,Email Address,Email Search,,,VoilaNorbert,https://www.voilanorbert.com/
16,OSINT Framework,Email Address,Email Search,,,Reverse Genie Email,http://www.reversegenie.com/email.php
17,OSINT Framework,Email Address,Email Search,,,EmailSherlock,http://www.emailsherlock.com/
18,OSINT Framework,Email Address,Email Search,,,theHarvester (T),http://www.edge-security.com/theharvester.php
19,OSINT Framework,Email Address,Email Search,,,IntelTechniques Cellular Email Tool,https://inteltechniques.com/intel/OSINT/cellperm.html
20,OSINT Framework,Email Address,Common Email Formats,,,Corporatate Email Formats,https://sites.google.com/site/emails4corporations/home
21,OSINT Framework,Email Address,Common Email Formats,,,Email Format,https://www.email-format.com/
22,OSINT Framework,Email Address,Common Email Formats,,,Toofr,https://www.toofr.com/
23,OSINT Framework,Email Address,Common Email Formats,,,Email Permutator,http://metricsparrow.com/toolkit/email-permutator/
24,OSINT Framework,Email Address,Common Email Formats,,,IntelTechniques Email Format Tool,https://inteltechniques.com/intel/OSINT/email.html
25,OSINT Framework,Email Address,Email Verification,,,MailTester,http://mailtester.com/testmail.php
26,OSINT Framework,Email Address,Email Verification,,,VerifyEmailAddress.io,https://tools.verifyemailaddress.io/
27,OSINT Framework,Email Address,Email Verification,,,VerifyEmail,http://verify-email.org/
28,OSINT Framework,Email Address,Email Verification,,,Email Validator,http://e-mailvalidator.com/index.php
29,OSINT Framework,Email Address,Email Verification,,,BytePlant Email Validator,http://www.email-validator.net/
30,OSINT Framework,Email Address,Email Verification,,,Read Notify,http://www.readnotify.com/
31,OSINT Framework,Email Address,Breach Data,,,PwnedList.com,https://www.pwnedlist.com/
32,OSINT Framework,Email Address,Breach Data,,,Have I been pwned?,https://haveibeenpwned.com/
33,OSINT Framework,Email Address,Breach Data,,,Leaked Source,https://www.leakedsource.com/
34,OSINT Framework,Email Address,Breach Data,,,Breach or Clear,http://breachorclear.jesterscourt.cc/
35,OSINT Framework,Email Address,Spam Reputation Lists,,,DNS Blackhole Lists,http://www.tcpiputils.com/dns-blackhole-list
36,OSINT Framework,Email Address,Mail Blacklists,,,MxToolbox,http://mxtoolbox.com/
37,OSINT Framework,Domain Name,Whois Records,,,Domain Dossier,http://centralops.net/co/DomainDossier.aspx
38,OSINT Framework,Domain Name,Whois Records,,,domainIQ,https://www.domainiq.com/
39,OSINT Framework,Domain Name,Whois Records,,,DomainTools Whois,http://whois.domaintools.com/
40,OSINT Framework,Domain Name,Whois Records,,,DNS Dumpster,https://dnsdumpster.com/
41,OSINT Framework,Domain Name,Whois Records,,,Whoisology,https://whoisology.com/#advanced
42,OSINT Framework,Domain Name,Whois Records,,,Domain History,http://www.domainhistory.net/
43,OSINT Framework,Domain Name,Whois Records,,,Whois ARIN,https://whois.arin.net/ui/advanced.jsp
44,OSINT Framework,Domain Name,Whois Records,,,DNSstuff,http://www.dnsstuff.com/
45,OSINT Framework,Domain Name,Whois Records,,,Robtex,https://www.robtex.com/
46,OSINT Framework,Domain Name,Whois Records,,,Domaincrawler.com,http://www.domaincrawler.com/
47,OSINT Framework,Domain Name,Whois Records,,,MarkMonitor Whois Search,https://www.markmonitor.com/cgi-bin/affsearch.cgi?
48,OSINT Framework,Domain Name,Whois Records,,,easyWhois,https://www.easywhois.com/
49,OSINT Framework,Domain Name,Whois Records,,,Website Informer,http://website.informer.com/
50,OSINT Framework,Domain Name,Whois Records,,,Who.is,https://who.is/
51,OSINT Framework,Domain Name,Whois Records,,,Whoismind,http://www.whoismind.com/
52,OSINT Framework,Domain Name,Whois Records,,,ViewDNS.info,http://viewdns.info/
53,OSINT Framework,Domain Name,Subdomains,,,Google Subdomains (D),https://www.google.com/?gws_rd=ssl#q=site:%3Cdomain.com%3E
54,OSINT Framework,Domain Name,Subdomains,,,crt.sh - Certificate Search,https://crt.sh/?
55,OSINT Framework,Domain Name,Subdomains,,,Recon-ng (T),https://bitbucket.org/LaNMaSteR53/recon-ng
56,OSINT Framework,Domain Name,Subdomains,,,DNS Recon (T),https://github.com/darkoperator/dnsrecon
57,OSINT Framework,Domain Name,Subdomains,,,Gobuster (T),https://github.com/OJ/gobuster
58,OSINT Framework,Domain Name,Subdomains,,,Fierce Domain Scanner (T),https://github.com/davidpepper/fierce-domain-scanner
59,OSINT Framework,Domain Name,Subdomains,,,Bluto (T),https://github.com/RandomStorm/Bluto
60,OSINT Framework,Domain Name,Subdomains,,,theHarvester (T),http://www.edge-security.com/theharvester.php
61,OSINT Framework,Domain Name,Subdomains,,,Pentest-tools.com Subdomains,https://pentest-tools.com/information-gathering/find-subdomains-of-domain
62,OSINT Framework,Domain Name,Subdomains,,,SecLists DNS Subdomains (T),https://github.com/danielmiessler/SecLists/tree/master/Discovery/DNS
63,OSINT Framework,Domain Name,Subdomains,,,dnspop (T),https://github.com/bitquark/dnspop
64,OSINT Framework,Domain Name,Subdomains,,,gdns (T),https://github.com/hrbrmstr/gdns
65,OSINT Framework,Domain Name,Subdomains,,,assetnote (T),https://github.com/infosec-au/assetnote
66,OSINT Framework,Domain Name,Subdomains,,,Network Intelligence,http://netintel.net/
67,OSINT Framework,Domain Name,Reputation,,,UrlQuery.net,http://urlquery.net/
68,OSINT Framework,Domain Name,Reputation,,,URL Void,http://www.urlvoid.com/
69,OSINT Framework,Domain Name,Reputation,,,Threat Crowd,https://www.threatcrowd.org/
70,OSINT Framework,Domain Name,Reputation,,,FortiGuard Reputation Service,http://fortiguard.com/iprep
71,OSINT Framework,Domain Name,Reputation,,,McAfee TrustedSource,http://www.trustedsource.org/
72,OSINT Framework,Domain Name,Reputation,,,Trend Micro Site Safety Center,https://global.sitesafety.trendmicro.com/
73,OSINT Framework,Domain Name,Reputation,,,WatchGuard ReputationAuthority,http://www.reputationauthority.org/
74,OSINT Framework,Domain Name,Reputation,,,Sucuri SiteCheck,https://sitecheck.sucuri.net/
75,OSINT Framework,Domain Name,Reputation,,,ThreatMiner.org,https://www.threatminer.org/
76,OSINT Framework,Domain Name,Reputation,,,BlueCoat WebPulse,https://sitereview.bluecoat.com/sitereview.jsp
77,OSINT Framework,Domain Name,Reputation,,,Zscaler Zulu URL Risk Analyzer,http://zulu.zscaler.com/
78,OSINT Framework,Domain Name,Reputation,,,Joe Sandbox Url Analyzer,https://www.url-analyzer.net/
79,OSINT Framework,Domain Name,Reputation,,,Deepviz Domain Search,https://search.deepviz.com/
80,OSINT Framework,Domain Name,Reputation,,,Cisco SenderBase,http://www.senderbase.org/
81,OSINT Framework,Domain Name,Reputation,,,AVG Threat Labs,http://www.avgthreatlabs.com/ww-en/website-safety-reports/
82,OSINT Framework,Domain Name,Reputation,,,Webroot BrightCloud URL/IP Lookup,http://www.brightcloud.com/tools/url-ip-lookup.php
83,OSINT Framework,Domain Name,Reputation,,,vURL Online,https://vurldissect.co.uk/
84,OSINT Framework,Domain Name,Reputation,,,PassiveTotal,https://www.passivetotal.org/
85,OSINT Framework,Domain Name,Reputation,,,AlienVault Open Threat Exchange,https://otx.alienvault.com/browse/pulses/
86,OSINT Framework,Domain Name,Reputation,,,Malware Domain List,http://www.malwaredomainlist.com/mdl.php
87,OSINT Framework,Domain Name,Reputation,,,Web Inspector Online Scan,http://app.webinspector.com/
88,OSINT Framework,Domain Name,Reputation,,,PhishTank,http://www.phishtank.com/
89,OSINT Framework,Domain Name,Typosquatting,,,DNS Twist (T),https://github.com/elceef/dnstwist
90,OSINT Framework,Domain Name,Typosquatting,,,URLCrazy (T),http://www.morningstarsecurity.com/research/urlcrazy
91,OSINT Framework,Domain Name,Typosquatting,,,dnstwister,https://dnstwister.report/
92,OSINT Framework,Domain Name,Analytics,,,BuiltWith,http://builtwith.com/
93,OSINT Framework,Domain Name,Analytics,,,Wappalyzer (T),https://wappalyzer.com/
94,OSINT Framework,Domain Name,Analytics,,,SEMrush,https://www.semrush.com/
95,OSINT Framework,Domain Name,Analytics,,,SameID,http://sameid.net/
96,OSINT Framework,Domain Name,Analytics,,,Ewhois,https://ewhois.com/
97,OSINT Framework,Domain Name,Analytics,,,Netcraft,http://toolbar.netcraft.com/site_report?url=undefined#last_reboot
98,OSINT Framework,Domain Name,Analytics,,,StatsCrop,http://www.statscrop.com/
99,OSINT Framework,Domain Name,Analytics,,,Open Site Explorer,https://moz.com/researchtools/ose/
100,OSINT Framework,Domain Name,Analytics,,,SpyOnWeb,http://www.spyonweb.com/
101,OSINT Framework,Domain Name,Analytics,,,SecurityHeaders.io,https://securityheaders.io/
102,OSINT Framework,Domain Name,Analytics,,,Keyword Density,http://tools.seobook.com/general/keyword-density/
103,OSINT Framework,Domain Name,URL Expanders,,,Link Expander,http://www.linkexpander.com/
104,OSINT Framework,Domain Name,URL Expanders,,,GetLinkInfo,http://www.getlinkinfo.com/
105,OSINT Framework,Domain Name,URL Expanders,,,CheckShortURL,http://checkshorturl.com/
106,OSINT Framework,Domain Name,URL Expanders,,,Lengthen Me,https://lengthen.me/
107,OSINT Framework,Domain Name,URL Expanders,,,URL Expander,http://urlex.org/
108,OSINT Framework,Domain Name,URL Expanders,,,URL Unshortener,http://www.urlunshortener.com/
109,OSINT Framework,Domain Name,URL Expanders,,,Where Does This Link Go?,http://wheredoesthislinkgo.com/
110,OSINT Framework,Domain Name,URL Expanders,,,KnowURL,http://www.knowurl.com/
111,OSINT Framework,Domain Name,Change Detection,,,VisualPing,http://visualping.io/
112,OSINT Framework,Domain Name,Change Detection,,,Change Detection,http://www.changedetection.com/
113,OSINT Framework,Domain Name,Change Detection,,,Follow That Page,https://www.followthatpage.com/
114,OSINT Framework,Domain Name,Change Detection,,,Urlwatch,https://github.com/thp/urlwatch
115,OSINT Framework,Domain Name,Social Analysis,,,Google Trends,https://www.google.com/trends/
116,OSINT Framework,Domain Name,Social Analysis,,,Reddit (M),https://www.reddit.com/domain/%3CURLhere%3E
117,OSINT Framework,Domain Name,DNSSEC,,,DNSSEC Analyzer,http://dnssec-debugger.verisignlabs.com/
118,OSINT Framework,Domain Name,DNSSEC,,,DNSViz,http://dnsviz.net/
119,OSINT Framework,Domain Name,Vulnerabilities,Scanners,,Shodan,https://www.shodan.io/
120,OSINT Framework,Domain Name,Vulnerabilities,Scanners,,PunkSPIDER,https://www.punkspider.org/
121,OSINT Framework,Domain Name,Vulnerabilities,Scanners,,ASafaWeb,https://asafaweb.com/
122,OSINT Framework,Domain Name,Vulnerabilities,Scanners,,Sn1per (T),https://github.com/1N3/Sn1per
123,OSINT Framework,Domain Name,Vulnerabilities,Disclosure Sites,,XSSposed.org,https://www.xssposed.org/
124,OSINT Framework,Domain Name,Vulnerabilities,Disclosure Sites,,Zone-H.org,http://zone-h.org/archive
125,OSINT Framework,Domain Name,Tools,,,FOCA (T),https://www.elevenpaths.com/labstools/foca/index.html
126,OSINT Framework,Domain Name,Tools,,,SpiderFoot (T),http://www.spiderfoot.net/
127,OSINT Framework,Domain Name,Tools,,,Burp Suite (T),https://portswigger.net/burp/
128,OSINT Framework,Domain Name,Tools,,,BlackWidow (T),http://softbytelabs.com/en/BlackWidow/
129,OSINT Framework,Domain Name,Tools,,,IntelliTamper (T),http://www.softpedia.com/get/Internet/Other-Internet-Related/IntelliTamper.shtml
130,OSINT Framework,Domain Name,Tools,,,International Domain Name Conversion Tool,http://mct.verisign-grs.com/
131,OSINT Framework,Domain Name,Tools,,,EyeWitness (T),https://github.com/ChrisTruncer/EyeWitness
132,OSINT Framework,IP Address,Reputation,,,IP Void,http://www.ipvoid.com/
133,OSINT Framework,IP Address,Reputation,,,ExoneraTor,https://exonerator.torproject.org/
134,OSINT Framework,IP Address,Geolocation,,,MaxMind Demo,https://www.maxmind.com/en/home
135,OSINT Framework,IP Address,Geolocation,,,IPv4/IPv6 lists by country code,http://ipverse.net/
136,OSINT Framework,IP Address,Geolocation,,,IP2Location.com,http://www.ip2location.com/demo.aspx
137,OSINT Framework,IP Address,Geolocation,,,IP Fingerprints,http://www.ipfingerprints.com/
138,OSINT Framework,IP Address,Geolocation,,,DB-IP,https://db-ip.com/
139,OSINT Framework,IP Address,Geolocation,,,ipintel.io,https://ipintel.io/
140,OSINT Framework,IP Address,Host / Port Discovery,,,Shodan,https://www.shodan.io/
141,OSINT Framework,IP Address,Host / Port Discovery,,,Censys,https://censys.io/
142,OSINT Framework,IP Address,Host / Port Discovery,,,Mr. Looquer,https://mrlooquer.com/
143,OSINT Framework,IP Address,Host / Port Discovery,,,Scans.io,https://scans.io/
144,OSINT Framework,IP Address,Host / Port Discovery,,,ZoomEye,https://www.zoomeye.org/
145,OSINT Framework,IP Address,Host / Port Discovery,,,Nmap (T),https://nmap.org/download.html
146,OSINT Framework,IP Address,Host / Port Discovery,,,Internet Census 2012,http://internetcensus2012.bitbucket.org/paper.html
147,OSINT Framework,IP Address,Host / Port Discovery,,,Internet Census Search,http://www.exfiltrated.com/querystart.php
148,OSINT Framework,IP Address,IPv4,,,IPv4 CIDR Report,http://www.cidr-report.org/as2.0/
149,OSINT Framework,IP Address,IPv4,,,Reverse.report,https://reverse.report/
150,OSINT Framework,IP Address,IPv4,,,Team Cymru IP to ASN,https://asn.cymru.com/
151,OSINT Framework,IP Address,IPv6,,,IPv6 CIDR Report,http://www.cidr-report.org/v6/as2.0/
152,OSINT Framework,IP Address,BGP,,,Hurricane Electric BGP Toolkit,http://bgp.he.net/
153,OSINT Framework,IP Address,BGP,,,BGP Malicious Content Ranking,http://bgpranking.circl.lu/
154,OSINT Framework,IP Address,Neighbor Domains,,,IP Fingerprints - Reverse IP Lookup,http://www.ipfingerprints.com/reverseip.php
155,OSINT Framework,IP Address,Neighbor Domains,,,Bing IP Search (D),http://www.bing.com/search?q=ip%3A8.8.8.8
156,OSINT Framework,IP Address,Neighbor Domains,,,TCP/IP Utils - Domain Neighbors,http://www.tcpiputils.com/domain-neighbors
157,OSINT Framework,IP Address,Protected by Cloud Services,,,CloudFlare Watch,http://www.crimeflare.com/
158,OSINT Framework,IP Address,Protected by Cloud Services,,,Cloudflare Resolver,http://skresolver.com/cloudflare-resolver.php
159,OSINT Framework,IP Address,Wireless Network Info,,,WiGLE: Wireless Network Mapping,https://wigle.net/
160,OSINT Framework,Images / Videos / Docs,Images,Search,,Google Images,https://images.google.com/?gws_rd=ssl
161,OSINT Framework,Images / Videos / Docs,Images,Search,,Bing Images,http://www.bing.com/images
162,OSINT Framework,Images / Videos / Docs,Images,Search,,Yahoo Image Search,http://images.yahoo.com/
163,OSINT Framework,Images / Videos / Docs,Images,Search,,TinEye Reverse Image Search,http://tineye.com/
164,OSINT Framework,Images / Videos / Docs,Images,Search,,Yandex Images,https://www.yandex.com/images/
165,OSINT Framework,Images / Videos / Docs,Images,Search,,Baidu Images,http://shitu.baidu.com/
166,OSINT Framework,Images / Videos / Docs,Images,Search,,Twitter Image Search (M),https://twitter.com/search?q=%3Csearchterm%3E&src=typd&vertical=default&f=images
167,OSINT Framework,Images / Videos / Docs,Images,Search,,Imgur Search,https://imgur.com/search
168,OSINT Framework,Images / Videos / Docs,Images,Search,,Photobucket,http://photobucket.com/
169,OSINT Framework,Images / Videos / Docs,Images,Search,,PicSearch,http://www.picsearch.com/
170,OSINT Framework,Images / Videos / Docs,Images,Search,,Karma Decay,http://karmadecay.com/
171,OSINT Framework,Images / Videos / Docs,Images,Search,,Yomapic,http://www.yomapic.com/
172,OSINT Framework,Images / Videos / Docs,Images,Search,,Image Raider,https://www.imageraider.com/
173,OSINT Framework,Images / Videos / Docs,Images,Search,,7Photos.net,http://7photos.net/
174,OSINT Framework,Images / Videos / Docs,Images,Search,,Panoramio,http://www.panoramio.com/
175,OSINT Framework,Images / Videos / Docs,Images,Search,,Current Location,http://current-location.com/
176,OSINT Framework,Images / Videos / Docs,Images,Search,,Lakako Photo Search,http://www.lakako.com/
177,OSINT Framework,Images / Videos / Docs,Images,Instagram,,Webstigram,http://websta.me/search
178,OSINT Framework,Images / Videos / Docs,Images,Instagram,,Instagram,https://www.instagram.com/
179,OSINT Framework,Images / Videos / Docs,Images,Instagram,,IntelTechniques Instagram Tools,https://inteltechniques.com/intel/OSINT/instagram.html
180,OSINT Framework,Images / Videos / Docs,Images,Flickr,,Flickr,https://www.flickr.com/
181,OSINT Framework,Images / Videos / Docs,Images,Flickr,,Flickr Map,https://www.flickr.com/map/
182,OSINT Framework,Images / Videos / Docs,Images,Flickr,,My Pics Map,http://www.mypicsmap.com/
183,OSINT Framework,Images / Videos / Docs,Images,Flickr,,idGettr,http://idgettr.com/
184,OSINT Framework,Images / Videos / Docs,Images,Flickr,,Flickr Hive Mind,http://flickrhivemind.net/
185,OSINT Framework,Images / Videos / Docs,Images,Metadata,,ExifTool (T),http://www.sno.phy.queensu.ca/~phil/exiftool/
186,OSINT Framework,Images / Videos / Docs,Images,Metadata,,Jeffrey's Exif Viewer,http://regex.info/exif.cgi
187,OSINT Framework,Images / Videos / Docs,Images,Metadata,,ExifViewer,http://www.exifviewer.org/
188,OSINT Framework,Images / Videos / Docs,Images,Metadata,,Search by Exif,http://www.exif-search.com/
189,OSINT Framework,Images / Videos / Docs,Images,Metadata,,Metapicz,http://metapicz.com/#landing
190,OSINT Framework,Images / Videos / Docs,Images,Metadata,,JPEGsnoop (T),http://www.impulseadventure.com/photo/jpeg-snoop.html
191,OSINT Framework,Images / Videos / Docs,Images,Forensics,,FotoForensics,http://fotoforensics.com/
192,OSINT Framework,Images / Videos / Docs,Images,Forensics,,Izitru,http://www.izitru.com/
193,OSINT Framework,Images / Videos / Docs,Images,Forensics,,Ghiro (T),https://github.com/ghirensics/ghiro
194,OSINT Framework,Images / Videos / Docs,Images,Forensics,,Stolen Camera Finder,http://www.stolencamerafinder.co.uk/
195,OSINT Framework,Images / Videos / Docs,Images,Forensics,,Camera Trace,http://www.cameratrace.com/trace
196,OSINT Framework,Images / Videos / Docs,Images,OCR,,Online OCR,http://www.free-ocr.com/
197,OSINT Framework,Images / Videos / Docs,Images,OCR,,i2OCR,http://www.i2ocr.com/
198,OSINT Framework,Images / Videos / Docs,Images,OCR,,New OCR,https://www.newocr.com/
199,OSINT Framework,Images / Videos / Docs,Images,OCR,,Online OCR,http://www.onlineocr.net/
200,OSINT Framework,Images / Videos / Docs,Images,Tools,,Creepy (T),http://www.geocreepy.com/
201,OSINT Framework,Images / Videos / Docs,Videos,Search,,Google Videos,https://www.google.com/videohp?gws_rd=ssl
202,OSINT Framework,Images / Videos / Docs,Videos,Search,,Bing Videos,http://www.bing.com/videos
203,OSINT Framework,Images / Videos / Docs,Videos,Search,,Vimeo Search,https://vimeo.com/search?
204,OSINT Framework,Images / Videos / Docs,Videos,Search,,Internet Archive Videos,https://archive.org/details/opensource_movies
205,OSINT Framework,Images / Videos / Docs,Videos,Search,,Vines (D),https://www.google.com/search?q=site:vine.co+%3Csearchterm%3E
206,OSINT Framework,Images / Videos / Docs,Videos,Search,,YouTube Metadata,http://www.amnestyusa.org/citizenevidence/
207,OSINT Framework,Images / Videos / Docs,Videos,Search,,IntelTechniques YouTube Tools,https://inteltechniques.com/intel/OSINT/youtube.html
208,OSINT Framework,Images / Videos / Docs,Videos,Search,,Dogpile Web Search,http://www.dogpile.com/
209,OSINT Framework,Images / Videos / Docs,Videos,Search,,Geo Search Tool,http://www.geosearchtool.com/
210,OSINT Framework,Images / Videos / Docs,Videos,Record / Document,,DetURL,http://deturl.com/
211,OSINT Framework,Images / Videos / Docs,Videos,Record / Document,,Print YouTube StoryBoard Instructions,http://www.labnol.org/internet/print-youtube-video/28217/
212,OSINT Framework,Images / Videos / Docs,Videos,Record / Document,,Print Storyboard from Youtube,"javascript:(function(){a=ytplayer.config.args.storyboard_spec;if(!a){alert(""Sorry we cannot process this YouTube video. Could you please try another one"");exit();}b=a.split(""|"");base=b[0].split(""$"")[0]+""2/M"";c=b[3].split(""%23"");sigh=c[c.length-1];var imgs="""";t=ytplayer.config.args.length_seconds;n=Math.ceil(c[2]/(c[3]*c[4]));for(i=0;i"";}var title=ytplayer.config.args.title;msg="""
213,OSINT Framework,Images / Videos / Docs,Documents,Search,Common GoogleDorks,GoogleDocs (D),https://www.google.com/?q=site:docs.google.com+%3Csearchterm%3E
214,OSINT Framework,Images / Videos / Docs,Documents,Search,Common GoogleDorks,GoogleDrive (D),https://www.google.com/?q=site:drive.google.com+%3Csearchterm%3E
215,OSINT Framework,Images / Videos / Docs,Documents,Search,Common GoogleDorks,Dropbox (D),https://www.google.com/?q=site:dl.dropbox.com+%3Csearchterm%3E
216,OSINT Framework,Images / Videos / Docs,Documents,Search,Common GoogleDorks,Amazon AWS (D),https://www.google.com/search?q=site:s3.amazonaws.com+%3Csearchterm%3E
217,OSINT Framework,Images / Videos / Docs,Documents,Search,Common GoogleDorks,OneDrive (D),https://www.google.com/search?safe=off&q=site:onedrive.live.com+%3Csearchterm%3E
218,OSINT Framework,Images / Videos / Docs,Documents,Search,Common GoogleDorks,Cryptome (D),https://www.google.com/search?q=site:cryptome.org+%3Csearchterm%3E
219,OSINT Framework,Images / Videos / Docs,Documents,Search,,Scribd,https://www.scribd.com/
220,OSINT Framework,Images / Videos / Docs,Documents,Search,,DocJax,http://www.docjax.com/
221,OSINT Framework,Images / Videos / Docs,Documents,Search,,PDF Geni,http://www.pdfgeni.net/
222,OSINT Framework,Images / Videos / Docs,Documents,Search,,WikiLeaks Search,https://search.wikileaks.org/advanced
223,OSINT Framework,Images / Videos / Docs,Documents,Search,,RECAP Court Doc Repo,http://archive.recapthelaw.org/
224,OSINT Framework,Images / Videos / Docs,Documents,Search,,filessoo.com,http://filessoo.com/
225,OSINT Framework,Images / Videos / Docs,Documents,Search,,Leaked Cables,https://search.wikileaks.org/plusd/
226,OSINT Framework,Images / Videos / Docs,Documents,Search,,IntelTechniques Doc Tools,https://inteltechniques.com/intel/OSINT/docs.html
227,OSINT Framework,Images / Videos / Docs,Documents,Search,,IntelTechniques Docs by Format,https://inteltechniques.com/intel/OSINT/docs.format.html
228,OSINT Framework,Images / Videos / Docs,Documents,Paste Sites,,Pastebin Trends,http://pastebin.com/trends
229,OSINT Framework,Images / Videos / Docs,Documents,Paste Sites,,Pastebin Alerts,http://andrewmohawk.com/pasteLert/
230,OSINT Framework,Images / Videos / Docs,Documents,Paste Sites,,IntelTechniques Paste Tools,https://inteltechniques.com/intel/OSINT/pastebins.html
231,OSINT Framework,Social Networks,Facebook,Search,,IntelTechniques Facebook Tools,https://inteltechniques.com/intel/OSINT/facebook.html
232,OSINT Framework,Social Networks,Facebook,Search,,Find my Facebook ID,http://findmyfbid.com/
233,OSINT Framework,Social Networks,Facebook,Search,,FB Email Search,https://www.facebook.com/public?query=email@gmail.com&nomc=0
234,OSINT Framework,Social Networks,Facebook,Search,,Recover FB Account,https://www.facebook.com/login/identify?ctx=recover
235,OSINT Framework,Social Networks,Facebook,Search,,Facebook Photos by ID (M),https://www.facebook.com/photo.php?fbid=PHOTO-ID-HERE
236,OSINT Framework,Social Networks,Facebook,Search,,FB People Directory,https://www.facebook.com/directory/people/
237,OSINT Framework,Social Networks,Facebook,Search,,NetBootCamp FB Search Tool,http://netbootcamp.org/facebook.html
238,OSINT Framework,Social Networks,Facebook,Search,,FB Lookup ID,https://lookup-id.com/
239,OSINT Framework,Social Networks,Facebook,Search,,FB Identify (Requires Logout),https://www.facebook.com/login/identify
240,OSINT Framework,Social Networks,Facebook,Search,,Search is Back!,https://searchisback.com/
241,OSINT Framework,Social Networks,Facebook,Search,,Socialsearching,http://socialsearching.info/#/fb
242,OSINT Framework,Social Networks,Facebook,Analytics,,fb-sleep-stats (T),https://github.com/sqren/fb-sleep-stats
243,OSINT Framework,Social Networks,Facebook,Archive / Document,,ExtractFace (T),http://le-tools.com/ExtractFace.html#download
244,OSINT Framework,Social Networks,Twitter,Search,,Twitter Advanced Search,https://twitter.com/search-advanced
245,OSINT Framework,Social Networks,Twitter,Search,,Twitter Location Search,https://twitter.com/search?q=geocode%3A36.1143855%2C-115.1727518%2C1km&src=typd
246,OSINT Framework,Social Networks,Twitter,Search,,Twitter Date Search,https://twitter.com/search?q=SearchTerm%20since:2016-03-01%20until:2016-03-02
247,OSINT Framework,Social Networks,Twitter,Search,,Twitter Name Search,https://twitter.com/#!/who_to_follow
248,OSINT Framework,Social Networks,Twitter,Search,,Twitter User Directory,https://twitter.com/i/directory/profiles/
249,OSINT Framework,Social Networks,Twitter,Search,,Twitter Search for Live Streaming Video,https://twitter.com/search?q=%23periscope%20OR%20%23meerkat
250,OSINT Framework,Social Networks,Twitter,Search,,ConWeets,http://www.conweets.com/
251,OSINT Framework,Social Networks,Twitter,Search,,Twitterfall,https://twitterfall.com/
252,OSINT Framework,Social Networks,Twitter,Search,,Twellow,https://www.twellow.com/splash/
253,OSINT Framework,Social Networks,Twitter,Search,,First Tweet,http://ctrlq.org/first/
254,OSINT Framework,Social Networks,Twitter,Search,,TweetReach,https://tweetreach.com/
255,OSINT Framework,Social Networks,Twitter,Search,,BackTweets,http://backtweets.com/
256,OSINT Framework,Social Networks,Twitter,Search,,Moz Profile Search,https://moz.com/followerwonk/bio/?q=zero%20day&l=us
257,OSINT Framework,Social Networks,Twitter,Search,,IntelTechniques Twitter Tools,https://inteltechniques.com/intel/OSINT/twitter.html
258,OSINT Framework,Social Networks,Twitter,Search,,HootSuite,https://hootsuite.com/feed/SearchTerm?pfilter=
259,OSINT Framework,Social Networks,Twitter,Search,,TweetDeck,https://tweetdeck.twitter.com/
260,OSINT Framework,Social Networks,Twitter,Search,,Twopcharts,http://twopcharts.com/
261,OSINT Framework,Social Networks,Twitter,Pictures,,Twicsy,http://twicsy.com/
262,OSINT Framework,Social Networks,Twitter,Analytics,Profile,Tweepsect,http://tweepsect.com/
263,OSINT Framework,Social Networks,Twitter,Analytics,Profile,Followerwonk Analyze,https://moz.com/followerwonk/analyze
264,OSINT Framework,Social Networks,Twitter,Analytics,Profile,Followerwonk Compare,https://moz.com/followerwonk/compare
265,OSINT Framework,Social Networks,Twitter,Analytics,Profile,Twitonomy,http://www.twitonomy.com/
266,OSINT Framework,Social Networks,Twitter,Analytics,Profile,Fake Follower Check,http://fakers.statuspeople.com/
267,OSINT Framework,Social Networks,Twitter,Analytics,Profile,Klear,http://klear.com/
268,OSINT Framework,Social Networks,Twitter,Analytics,Profile,First Tweet,https://discover.twitter.com/first-tweet
269,OSINT Framework,Social Networks,Twitter,Analytics,Profile,TweetTunnel,http://tweettunnel.info/firstpre.php
270,OSINT Framework,Social Networks,Twitter,Analytics,Profile,Twitalyzer,http://twitalyzer.com/5/index.asp
271,OSINT Framework,Social Networks,Twitter,Analytics,Profile,Foller.me Analytics,https://foller.me/
272,OSINT Framework,Social Networks,Twitter,Analytics,Profile,MentionMapp,http://mentionmapp.com/
273,OSINT Framework,Social Networks,Twitter,Analytics,Profile,SleepingTime,http://sleepingtime.org/
274,OSINT Framework,Social Networks,Twitter,Analytics,Profile,Bioischanged (M),http://bioischanged.com/%3Ctwitterusername%3E
275,OSINT Framework,Social Networks,Twitter,Analytics,Hashtag,RiteTag,https://ritetag.com/
276,OSINT Framework,Social Networks,Twitter,Analytics,Hashtag,Trendsmap,http://trendsmap.com/
277,OSINT Framework,Social Networks,Twitter,Analytics,Hashtag,Tagboard,https://tagboard.com/
278,OSINT Framework,Social Networks,Twitter,Analytics,,Tweet Metadata,http://online.wsj.com/public/resources/documents/TweetMetadata.pdf
279,OSINT Framework,Social Networks,Twitter,Analytics,,Birdwatcher (T),https://github.com/michenriksen/birdwatcher
280,OSINT Framework,Social Networks,Twitter,Analytics,,Tinfoleak Web,http://tinfoleak.com/
281,OSINT Framework,Social Networks,Twitter,Analytics,,Tinfoleak.py (T),http://www.vicenteaguileradiaz.com/tools/
282,OSINT Framework,Social Networks,Twitter,Location / Mapping,,Nearby Tweets,http://nearbytweets.com/
283,OSINT Framework,Social Networks,Twitter,Location / Mapping,,GeoChirp,http://www.geochirp.com/
284,OSINT Framework,Social Networks,Twitter,Location / Mapping,,GeoSocial Footprint,http://geosocialfootprint.com/
285,OSINT Framework,Social Networks,Twitter,Location / Mapping,,TweetPaths,http://www.tweetpaths.com/maps
286,OSINT Framework,Social Networks,Twitter,Location / Mapping,,TeachingPrivacy,http://app.teachingprivacy.com/
287,OSINT Framework,Social Networks,Twitter,Location / Mapping,,Echosec,https://app.echosec.net/
288,OSINT Framework,Social Networks,Twitter,Location / Mapping,,MIT Map,http://mapd.csail.mit.edu/tweetmap/
289,OSINT Framework,Social Networks,Twitter,Location / Mapping,,Harvard Map,http://worldmap.harvard.edu/tweetmap/
290,OSINT Framework,Social Networks,Twitter,Location / Mapping,,One Million Tweet Map,http://onemilliontweetmap.com/
291,OSINT Framework,Social Networks,Twitter,Location / Mapping,,Creepy,http://www.geocreepy.com/
292,OSINT Framework,Social Networks,Twitter,Archive / Deleted Tweets,,All My Tweets,https://www.allmytweets.net/connect.php
293,OSINT Framework,Social Networks,Google+,,,Google+,https://plus.google.com/
294,OSINT Framework,Social Networks,Google+,,,Google+ Profiles (M),https://plus.google.com/+Username/posts
295,OSINT Framework,Social Networks,Google+,,,Google Plus Search,http://googleplussearch.chromefans.org/
296,OSINT Framework,Social Networks,Reddit,,,SnoopSnoo,http://snoopsnoo.com/
297,OSINT Framework,Social Networks,Other Social Networks,,,Myspace,https://myspace.com/
298,OSINT Framework,Social Networks,Other Social Networks,,,Tumblr,http://www.tumblr.com/tagged/search
299,OSINT Framework,Social Networks,Other Social Networks,,,TheHoodUp (NSFW),http://thehoodup.com/board/
300,OSINT Framework,Social Networks,Other Social Networks,,,BlackPlanet.com - Member Find,http://www.blackplanet.com/user_search/index.html
301,OSINT Framework,Social Networks,Other Social Networks,,,MiGente (Latino),http://www.migente.com/user_search/index.html
302,OSINT Framework,Social Networks,Other Social Networks,,,Asian Avenue,http://www.asianave.com/user_search/index.html
303,OSINT Framework,Social Networks,Other Social Networks,,,Orkut (Brazil),https://orkut.google.com/
304,OSINT Framework,Social Networks,Other Social Networks,,,Odnoklassniki,http://ok.ru/
305,OSINT Framework,Social Networks,Other Social Networks,,,IntelTechniques MySpace Video Tools,https://inteltechniques.com/intel/OSINT/myspace.html
306,OSINT Framework,Social Networks,Other Social Networks,,,IntelTechniques LinkedIn Tools,https://inteltechniques.com/intel/osint/linkedin.country.html
307,OSINT Framework,Social Networks,Search,,,Social Searcher,http://www.social-searcher.com/
308,OSINT Framework,Social Networks,Search,,,Google Social Search,http://www.social-searcher.com/google-social-search/
309,OSINT Framework,Social Networks,Search,,,IntelTechniques Social Network Search,https://inteltechniques.com/intel/OSINT/social.networks.html
310,OSINT Framework,Social Networks,Search,,,IntelTechniques Smaller Social Network Search,https://inteltechniques.com/intel/OSINT/smaller.social.networks.html
311,OSINT Framework,Social Networks,Search,,,Periscope Search,http://www.perisearch.net/
312,OSINT Framework,Social Networks,Search,,,Periscope with known Username (M),https://www.periscope.tv/%3Cusername%3E
313,OSINT Framework,Social Networks,Search,,,SocialBlade.com,http://socialblade.com/
314,OSINT Framework,Social Networks,,,,Social Media Monitoring Wiki,http://wiki.kenburbary.com/social-meda-monitoring-wiki
315,OSINT Framework,Instant Messaging,Skype,,,Skype Web Client,https://web.skype.com/
316,OSINT Framework,Instant Messaging,Skype,,,MostwantedHF,http://mostwantedhf.info/index.php
317,OSINT Framework,Instant Messaging,Skype,,,Skypegrab,http://skypegrab.net/oldip.php
318,OSINT Framework,Instant Messaging,Skype,,,Skype Resolver 2016,http://skresolver.com/
319,OSINT Framework,Instant Messaging,Snapchat,,,Snapchat Leak Checker,https://lastpass.com/snapchat/
320,OSINT Framework,Instant Messaging,WhatsApp,,,WhatCha,http://whatcha.xyz/#knowmore
321,OSINT Framework,Instant Messaging,Kik,,,Kik Username (M),http://kik.me/%3Cusername%3E
322,OSINT Framework,Instant Messaging,Yikyak,,,YikMap,http://yikmap.com/
323,OSINT Framework,People Search Engines,,,,Pipl,https://pipl.com/
324,OSINT Framework,People Search Engines,,,,Spokeo People Search,http://www.spokeo.com/
325,OSINT Framework,People Search Engines,,,,ThatsThem,https://thatsthem.com/name-address-search
326,OSINT Framework,People Search Engines,,,,IntelTechniques Person Search,https://inteltechniques.com/intel/OSINT/person.html
327,OSINT Framework,People Search Engines,,,,ZoomInfo Directory,http://www.zoominfo.com/people_directory/professional_profile/A-0-1
328,OSINT Framework,People Search Engines,,,,Zaba Search,http://www.zabasearch.com/
329,OSINT Framework,People Search Engines,,,,USSearch.com,http://www.ussearch.com/
330,OSINT Framework,People Search Engines,,,,Snoop Station,http://snoopstation.com/index.html
331,OSINT Framework,People Search Engines,,,,Melissa Data - People Finder (R),http://www.melissadata.com/lookups/peoplefinder.asp
332,OSINT Framework,People Search Engines,,,,Advanced Background Checks,https://www.advancedbackgroundchecks.com/
333,OSINT Framework,People Search Engines,,,,SalesMaple Contact Search,https://www.salesmaple.com/contacts/#!/
334,OSINT Framework,People Search Engines,,,,PeekYou,http://www.peekyou.com/
335,OSINT Framework,People Search Engines,,,,PeepDB,http://www.peepdb.com/
336,OSINT Framework,People Search Engines,,,,Reverse Genie People,http://www.reversegenie.com/people.php
337,OSINT Framework,People Search Engines,,,,Wink People Search,http://itools.com/tool/wink-people-search
338,OSINT Framework,People Search Engines,,,,Radaris,http://radaris.com/
339,OSINT Framework,People Search Engines,,,,Profile Engine,http://profileengine.com/
340,OSINT Framework,People Search Engines,,,,Intelius,http://www.intelius.com/
341,OSINT Framework,People Search Engines,,,,InfoSpace,http://infospace.com/
342,OSINT Framework,People Search Engines,,,,Waatp,http://waatp.com/
343,OSINT Framework,People Search Engines,,,,Webmii,http://webmii.com/
344,OSINT Framework,People Search Engines,,,,Snitch.name,http://snitch.name/
345,OSINT Framework,People Search Engines,,,,Lullar,http://com.lullar.com/
346,OSINT Framework,People Search Engines,,,,Yasni,http://www.yasni.com/
347,OSINT Framework,People Search Engines,,,,findmypast.com,http://search.findmypast.com/search-world-records
348,OSINT Framework,People Search Engines,,,,HowManyOfMe,http://howmanyofme.com/search/
349,OSINT Framework,People Search Engines,,,,FamilySearch.org,https://familysearch.org/search/
350,OSINT Framework,People Search Engines,,,,Ancestry.com,http://search.ancestry.com/
351,OSINT Framework,People Search Engines,,,,SearchBug,http://www.searchbug.com/#pageTop
352,OSINT Framework,Dating,,,,Match.com,http://www.match.com/
353,OSINT Framework,Dating,,,,AYI.com,https://www.ayi.com/index.php
354,OSINT Framework,Dating,,,,Plenty Of Fish.com,http://www.pof.com/
355,OSINT Framework,Dating,,,,eHarmony,http://www.eharmony.com/
356,OSINT Framework,Dating,,,,Farmers Only,http://www.farmersonly.com/
357,OSINT Framework,Dating,,,,Zoosk,https://www.zoosk.com/
358,OSINT Framework,Dating,,,,OkCupid,https://www.okcupid.com/
359,OSINT Framework,Dating,,,,Wamba.com,http://wamba.com/
360,OSINT Framework,Dating,,,,AdultFriendFinder,http://adultfriendfinder.com/
361,OSINT Framework,Dating,,,,Ashley Madison,https://www.ashleymadison.com/
362,OSINT Framework,Dating,,,,BeautifulPeople.com,https://www.beautifulpeople.com/en-US
363,OSINT Framework,Dating,,,,Badoo,https://badoo.us/
364,OSINT Framework,Dating,,,,Spark.com,https://www.spark.com/
365,OSINT Framework,Dating,,,,Meetup,http://www.meetup.com/
366,OSINT Framework,Dating,,,,BlackPeopleMeet,http://www.blackpeoplemeet.com/
367,OSINT Framework,Dating,,,,IntelTechniques Dating Search,https://inteltechniques.com/intel/OSINT/dating.networks.html
368,OSINT Framework,Dating,Reviews of Users,,,TrueDater,http://www.truedater.com/
369,OSINT Framework,Dating,Reviews of Users,,,WomanSavers,http://www.womansavers.com/search-a-guy.asp
370,OSINT Framework,Telephone Numbers,,,,Fone Finder,http://www.fonefinder.net/
371,OSINT Framework,Telephone Numbers,,,,WhoCalld,https://whocalld.com/
372,OSINT Framework,Telephone Numbers,,,,CallerIDService.com,http://www.calleridservice.com/
373,OSINT Framework,Telephone Numbers,,,,True Caller,http://www.truecaller.com/
374,OSINT Framework,Telephone Numbers,,,,ThatsThem - Reverse Phone Lookup,https://thatsthem.com/reverse-phone-lookup
375,OSINT Framework,Telephone Numbers,,,,Data24-7,https://www.data24-7.com/signup.php
376,OSINT Framework,Telephone Numbers,,,,SpyDialer,http://www.spydialer.com/default.aspx
377,OSINT Framework,Telephone Numbers,,,,Phone Validator,http://www.phonevalidator.com/
378,OSINT Framework,Telephone Numbers,,,,HLR Lookup Portal,https://www.hlr-lookups.com/
379,OSINT Framework,Telephone Numbers,,,,IntelTechniques Phone Tools,https://inteltechniques.com/intel/osint/telephone.html
380,OSINT Framework,Telephone Numbers,,,,Next Caller,https://nextcaller.com/
381,OSINT Framework,Telephone Numbers,,,,Free Carrier Lookup,http://freecarrierlookup.com/
382,OSINT Framework,Public Records,Property Records,,,Melissa Data - Property Viewer (R),http://www.melissadata.com/lookups/propertyviewer.asp
383,OSINT Framework,Public Records,Court / Criminal Records,,,Nationwide County Court Records,http://www.blackbookonline.info/USA-County-Court-Records.aspx
384,OSINT Framework,Public Records,Court / Criminal Records,,,World Legal Information Institute,http://worldlii.org/
385,OSINT Framework,Public Records,Court / Criminal Records,,,Canadian Legal Information Institute,http://www.canlii.org/en/
386,OSINT Framework,Public Records,Court / Criminal Records,,,Most Wanted Criminal Pages,http://ancestorhunt.com/most-wanted-criminals-and-fugitives.htm
387,OSINT Framework,Public Records,Court / Criminal Records,,,Black Book Online - Criminal Search,http://www.blackbookonline.info/criminalsearch.aspx
388,OSINT Framework,Public Records,Court / Criminal Records,,,CrimeReports.com,https://www.crimereports.com/
389,OSINT Framework,Public Records,Court / Criminal Records,,,Familywatchdog - Sex Offender Search,http://www.familywatchdog.us/
390,OSINT Framework,Public Records,Court / Criminal Records,,,Felon Spy,http://www.felonspy.com/search.html
391,OSINT Framework,Public Records,Court / Criminal Records,,,The Inmate Locator,http://www.theinmatelocator.com/
392,OSINT Framework,Public Records,Court / Criminal Records,,,Criminal Searches,http://www.criminalsearches.com/
393,OSINT Framework,Public Records,Court / Criminal Records,,,National Sex Offender Search,https://www.nsopw.gov/en/Search
394,OSINT Framework,Public Records,Court / Criminal Records,,,Mugshots.com,http://mugshots.com/
395,OSINT Framework,Public Records,Tax Records,,,NETR Online,http://publicrecords.netronline.com/
396,OSINT Framework,Public Records,Death Records,,,Death Check,http://www.melissadata.com/lookups/deathcheck.asp
397,OSINT Framework,Public Records,Death Records,,,Find A Grave,http://www.findagrave.com/index.html
398,OSINT Framework,Public Records,US County Data,,,NACo County Explorer,http://explorer.naco.org/index.html
399,OSINT Framework,Public Records,Voter Records,,,Voter Records,https://voterrecords.com/
400,OSINT Framework,Public Records,Voter Records,,,Voter Registration Data,http://www.blackbookonline.info/USA-Voter-Records.aspx
401,OSINT Framework,Public Records,Campaign Donation Records,,,FollowTheMoney.org,http://www.followthemoney.org/
402,OSINT Framework,Public Records,Campaign Donation Records,,,OpenSecrets.org,http://www.opensecrets.org/
403,OSINT Framework,Public Records,Campaign Donation Records,,,Political MoneyLine,http://www.politicalmoneyline.com/
404,OSINT Framework,Public Records,Campaign Donation Records,,,MelissaData - Campaign Contributions,http://www.melissadata.com/lookups/fec.asp
405,OSINT Framework,Public Records,Campaign Donation Records,,,Influence Explorer,http://data.influenceexplorer.com/#
406,OSINT Framework,Public Records,,,,Public Records?,http://publicrecords.searchsystems.net/
407,OSINT Framework,Public Records,,,,Enigma,http://enigma.io/publicdata/
408,OSINT Framework,Public Records,,,,The World Bank Open Data Catalog,http://datacatalog.worldbank.org/
409,OSINT Framework,Public Records,,,,BRB Public Records,http://www.brbpub.com/
410,OSINT Framework,Business Records,Annual Reports,,,AnnualReports.com,http://www.annualreports.com/
411,OSINT Framework,Business Records,Annual Reports,,,Reportlinker.com,http://www.reportlinker.com/
412,OSINT Framework,Business Records,Annual Reports,,,Public Register Online,http://www.annualreportservice.com/
413,OSINT Framework,Business Records,Annual Reports,,,Public Register's Annual Report Service,http://www.prars.com/search/alpha/A
414,OSINT Framework,Business Records,Annual Reports,,,The Investor - Africa,http://theinvestormailinglist.com/recent-reports/
415,OSINT Framework,Business Records,Annual Reports,,,International Registries,https://www.gov.uk/government/publications/overseas-registries/overseas-registries
416,OSINT Framework,Business Records,General Info & News,,,Businessweek Search,http://investing.businessweek.com/research/common/symbollookup/symbollookup.asp
417,OSINT Framework,Business Records,General Info & News,,,Corporation Wiki,http://www.corporationwiki.com/
418,OSINT Framework,Business Records,General Info & News,,,Commercial Register - Worldwide,http://www.commercial-register.sg.ch/home/worldwide.html
419,OSINT Framework,Business Records,General Info & News,,,SEC.gov - EDGAR,http://www.sec.gov/edgar.shtml
420,OSINT Framework,Business Records,General Info & News,,,International White Pages,http://www.wayp.com/
421,OSINT Framework,Business Records,General Info & News,,,UK Companies,https://www.gov.uk/get-information-about-a-company
422,OSINT Framework,Business Records,General Info & News,,,Europages,http://www.europages.co.uk/
423,OSINT Framework,Business Records,General Info & News,,,Global EDGE Resource Directory,http://globaledge.msu.edu/global-resources
424,OSINT Framework,Business Records,General Info & News,,,Ripoff Report,http://www.ripoffreport.com/
425,OSINT Framework,Business Records,Company Profiles,,,Data.com Connect,https://connect.data.com/
426,OSINT Framework,Business Records,Company Profiles,,,ZoomInfo.com,http://www.zoominfo.com/company-directory/us
427,OSINT Framework,Business Records,Company Profiles,,,OpenCorporates,https://opencorporates.com/
428,OSINT Framework,Business Records,Company Profiles,,,Kompass International,http://www.kompass.com/selectcountry/
429,OSINT Framework,Business Records,Company Profiles,,,Infobel,http://www.infobel.com/en/world/
430,OSINT Framework,Business Records,Company Profiles,,,Mint Portal,http://mintbusinessinfo.com/version-2015129/portal.serv?product=mintportal
431,OSINT Framework,Business Records,Company Profiles,,,Manta,http://www.manta.com/business
432,OSINT Framework,Business Records,Company Profiles,,,AIHIT,https://www.aihitdata.com/
433,OSINT Framework,Business Records,Company Profiles,,,Plonked,https://www.plonked.com/
434,OSINT Framework,Business Records,Company Profiles,,,Buzzfile,http://www.buzzfile.com/Home/Basic
435,OSINT Framework,Business Records,Company Profiles,,,Corporation Wiki,https://www.corporationwiki.com/
436,OSINT Framework,Business Records,Company Profiles,,,LittleSis,http://littlesis.org/
437,OSINT Framework,Business Records,Company Profiles,,,Companies House,https://beta.companieshouse.gov.uk/
438,OSINT Framework,Business Records,Employee Profiles & Resumes,,,RecruitEm,http://recruitin.net/
439,OSINT Framework,Business Records,Employee Profiles & Resumes,,,LinkedIn,https://www.linkedin.com/
440,OSINT Framework,Business Records,Employee Profiles & Resumes,,,Market Visual,http://www.marketvisual.com/
441,OSINT Framework,Business Records,Employee Profiles & Resumes,,,Jobster,http://www.jobster.com/
442,OSINT Framework,Business Records,Employee Profiles & Resumes,,,XING,https://www.xing.com/
443,OSINT Framework,Business Records,Employee Profiles & Resumes,,,Indeed,http://www.indeed.com/
444,OSINT Framework,Business Records,Employee Profiles & Resumes,,,IntelTechniques Resume Search,https://inteltechniques.com/intel/osint/hidden.resumes.html
445,OSINT Framework,Business Records,Employee Profiles & Resumes,,,CVGadget,http://www.cvgadget.com/
446,OSINT Framework,Business Records,Additional Resources,,,RBA - Business Information Resources,http://www.rba.co.uk/sources/
447,OSINT Framework,Business Records,Additional Resources,,,VAT Number Validation,http://ec.europa.eu/taxation_customs/vies/?locale=en
448,OSINT Framework,Transportation,Vehicle Records,,,Reverse Genie License Plates,http://www.reversegenie.com/plate.php
449,OSINT Framework,Transportation,Vehicle Records,,,Vehicle Purchase Records,http://vin.place/
450,OSINT Framework,Transportation,Vehicle Records,,,VIN Number,https://thatsthem.com/vin-search
451,OSINT Framework,Transportation,Vehicle Records,,,VinCheck,https://www.nicb.org/theft_and_fraud_awareness/vincheck
452,OSINT Framework,Transportation,Air Traffic Records,,,FlightAware - Live Flight Tracker,http://flightaware.com/live/
453,OSINT Framework,Transportation,Air Traffic Records,,,Flightradar24.com,https://www.flightradar24.com/
454,OSINT Framework,Transportation,Air Traffic Records,,,World Aeronautical Database,http://worldaerodata.com/
455,OSINT Framework,Transportation,Marine Records,,,Marine Traffic,http://www.marinetraffic.com/
456,OSINT Framework,Transportation,Marine Records,,,Vessel Tracker,http://www.vesseltracker.com/app
457,OSINT Framework,Transportation,,,,Satellite Tracking,http://www.n2yo.com/
458,OSINT Framework,Maps,Coordinates,,,GPSVisualizer,http://www.gpsvisualizer.com/geocode
459,OSINT Framework,Maps,Coordinates,,,Military Grid Reference System Coordinates,https://dominoc925-pages.appspot.com/mapplets/cs_mgrs.html
460,OSINT Framework,Maps,Coordinates,,,Batch Geocoding,https://www.doogal.co.uk/BatchGeocoding.php
461,OSINT Framework,Maps,Coordinates,,,Batch Reverse Geocoding,https://www.doogal.co.uk/BatchReverseGeocoding.php
462,OSINT Framework,Maps,Map Reporting Tools,,,BatchGeo,https://batchgeo.com/
463,OSINT Framework,Maps,Map Reporting Tools,,,Hyperlapse (T),https://github.com/TeehanLax/Hyperlapse.js
464,OSINT Framework,Maps,Map Reporting Tools,,,Teehan+Lax Labs - Hyperlapse,http://labs.teehanlax.com/project/hyperlapse
465,OSINT Framework,Maps,Map Reporting Tools,,,Google Maps Streetview Player,http://brianfolts.com/driver/
466,OSINT Framework,Maps,Map Reporting Tools,,,ScribbleMaps,http://scribblemaps.com/
467,OSINT Framework,Maps,,,,Google Maps,https://www.google.com/maps/
468,OSINT Framework,Maps,,,,Bing Maps,http://www.bing.com/maps/
469,OSINT Framework,Maps,,,,HERE Maps,https://maps.here.com/
470,OSINT Framework,Maps,,,,Dual Maps,http://data.mashedworld.com/dualmaps/map.htm
471,OSINT Framework,Maps,,,,Instant Google Street View,http://www.instantstreetview.com/
472,OSINT Framework,Maps,,,,Wikimapia,http://wikimapia.org/#lang=en&lat=40.078071&lon=-100.458984&z=5&m=b
473,OSINT Framework,Maps,,,,OpenStreetMap,http://www.openstreetmap.org/#map=5/40.614/-100.679
474,OSINT Framework,Maps,,,,Flash Earth,http://www.flashearth.com/
475,OSINT Framework,Maps,,,,Historic Aerials,http://www.historicaerials.com/?javascript=&
476,OSINT Framework,Maps,,,,Google Maps Update Alerts,https://followyourworld.appspot.com/
477,OSINT Framework,Maps,,,,Google Earth Overlays,http://www.mgmaps.com/kml/#view
478,OSINT Framework,Maps,,,,IntelTechniques Map Tools,https://inteltechniques.com/intel/OSINT/maps.html
479,OSINT Framework,Maps,,,,Yandex.Maps,https://yandex.com/maps/
480,OSINT Framework,Maps,,,,TerraServer,https://www.terraserver.com/view
481,OSINT Framework,Maps,,,,Google Earth,https://www.google.com/earth/
482,OSINT Framework,Search Engines,General Search,,,Google,https://www.google.com/?gws_rd=ssl
483,OSINT Framework,Search Engines,General Search,,,Bing,http://www.bing.com/
484,OSINT Framework,Search Engines,General Search,,,DuckDuckGo,https://duckduckgo.com/
485,OSINT Framework,Search Engines,General Search,,,Yahoo Advanced Web Search,https://search.yahoo.com/web/advanced
486,OSINT Framework,Search Engines,General Search,,,StartPage,https://www.startpage.com/
487,OSINT Framework,Search Engines,General Search,,,Yandex,https://www.yandex.com/
488,OSINT Framework,Search Engines,General Search,,,Baidu,http://www.baidu.com/
489,OSINT Framework,Search Engines,General Search,,,Google Advanced Search,https://www.google.com/advanced_search
490,OSINT Framework,Search Engines,General Search,,,iSEEK,http://iseek.com/iseek/home.page
491,OSINT Framework,Search Engines,General Search,,,iBoogie,http://www.iboogie.com/
492,OSINT Framework,Search Engines,General Search,,,iZito,http://www.izito.com/
493,OSINT Framework,Search Engines,General Search,,,Bing vs. Google,http://bvsg.org/
494,OSINT Framework,Search Engines,General Search,,,Carrot2,http://search.carrot2.org/stable/search
495,OSINT Framework,Search Engines,General Search,,,Ixquick Search Engine,https://www.ixquick.com/
496,OSINT Framework,Search Engines,General Search,,,Advangle,http://advangle.com/
497,OSINT Framework,Search Engines,General Search,,,Instya,http://www.instya.com/#/web/
498,OSINT Framework,Search Engines,Code Search,,,Searchcode,https://searchcode.com/
499,OSINT Framework,Search Engines,Code Search,,,NerdyData,https://nerdydata.com/search
500,OSINT Framework,Search Engines,Code Search,,,Gitrob (T),https://github.com/michenriksen/gitrob
501,OSINT Framework,Search Engines,FTP Search,,,GlobalFile,http://globalfilesearch.net/index.aspx
502,OSINT Framework,Search Engines,FTP Search,,,FTP Google Dork (D),https://www.google.com/search?q=inurl%3Aftp+-inurl%3Ahttp+-inurl%3Ahttps+ftpsearchterm
503,OSINT Framework,Search Engines,FTP Search,,,Napalm FTP,http://www.searchftps.net/
504,OSINT Framework,Search Engines,FTP Search,,,FileMare,http://filemare.com/en-us
505,OSINT Framework,Search Engines,Publication Search,,,PubPeer,https://pubpeer.com/
506,OSINT Framework,Search Engines,Publication Search,,,Bielefeld Academic Search Engine,https://www.base-search.net/Search/Advanced
507,OSINT Framework,Search Engines,Publication Search,,,Google Scholar,https://scholar.google.com/
508,OSINT Framework,Search Engines,Publication Search,,,PubMed - National Center for Biotechnology Information,http://www.ncbi.nlm.nih.gov/pubmed/
509,OSINT Framework,Search Engines,Publication Search,,,Social Science Research Network,http://ssrn.com/en/
510,OSINT Framework,Search Engines,Publication Search,,,Open Library,https://openlibrary.org/
511,OSINT Framework,Search Engines,Publication Search,,,World Digital Library,https://www.wdl.org/en/
512,OSINT Framework,Search Engines,Publication Search,,,JURN,http://jurn.org/#gsc.tab=0
513,OSINT Framework,Search Engines,Publication Search,,,HathiTrust Digital Library,https://www.hathitrust.org/
514,OSINT Framework,Search Engines,Publication Search,,,UK National Archives,http://discovery.nationalarchives.gov.uk/
515,OSINT Framework,Search Engines,Publication Search,,,OpenGrey EU Papers,http://opengrey.eu/
516,OSINT Framework,Search Engines,Publication Search,,,US Gov Publishing Office - FDsys,https://www.gpo.gov/fdsys/
517,OSINT Framework,Search Engines,Publication Search,,,OpenDOAR,http://www.opendoar.org/search.php
518,OSINT Framework,Search Engines,Publication Search,,,Microsoft Academic,https://academic.microsoft.com/
519,OSINT Framework,Search Engines,Publication Search,,,Science Direct,http://www.sciencedirect.com/
520,OSINT Framework,Search Engines,Publication Search,,,PQDT Open,http://pqdtopen.proquest.com/search.html
521,OSINT Framework,Search Engines,Publication Search,,,Think Tank Search,http://guides.library.harvard.edu/hks/think_tank_search
522,OSINT Framework,Search Engines,Publication Search,,,Library Databases,http://guides.uflib.ufl.edu/az.php
523,OSINT Framework,Search Engines,News Search,,,Paperboy Online Newspapers,http://www.thepaperboy.com/
524,OSINT Framework,Search Engines,News Search,,,Google News Search,https://news.google.com/news/advanced_news_search?
525,OSINT Framework,Search Engines,News Search,,,YouGotTheNews,http://www.yougotthenews.com/
526,OSINT Framework,Search Engines,News Search,,,NewspaperARCHIVE.com,http://newspaperarchive.com/
527,OSINT Framework,Search Engines,News Search,,,PressReader.com,http://www.pressreader.com/
528,OSINT Framework,Search Engines,Other Search,,,Yobi3D - 3D Model Search,https://www.yobi3d.com/#!/
529,OSINT Framework,Search Engines,Other Search,,,Colossus International Engine List,http://www.searchenginecolossus.com/
530,OSINT Framework,Search Engines,Other Search,,,Google Groups Search,https://groups.google.com/forum/#!overview
531,OSINT Framework,Search Engines,Other Search,,,Yahoo Groups,https://groups.yahoo.com/neo/search?
532,OSINT Framework,Search Engines,Other Search,,,Google Patent Search,https://www.google.com/advanced_patent_search
533,OSINT Framework,Search Engines,Other Search,,,SimilarSites,http://www.similarsites.com/browse
534,OSINT Framework,Search Engines,Other Search,,,Economics Search Engine,http://ese.rfe.org/
535,OSINT Framework,Search Engines,Search Tools,,,IntelTechniques Search Tools,https://inteltechniques.com/intel/OSINT/user.html
536,OSINT Framework,Search Engines,Search Tools,,,Million Short,https://millionshort.com/
537,OSINT Framework,Search Engines,Search Tools,,,SearchDiggity (T),http://www.bishopfox.com/download/405/
538,OSINT Framework,Search Engines,Search Tools,,,Scanner-inurlbr (T),https://github.com/googleinurl/SCANNER-INURLBR
539,OSINT Framework,Search Engines,Search Tools,,,Google Alerts,https://www.google.com/alerts#
540,OSINT Framework,Search Engines,Search Tools,,,Google Custom Search Engine,https://cse.google.com/cse/
541,OSINT Framework,Search Engines,Search Tools,,,pagodo - Passive Google Dork (T),https://github.com/opsdisk/pagodo
542,OSINT Framework,Search Engines,Search Engine Guides,,,Google Hacking Database,https://www.exploit-db.com/google-hacking-database/
543,OSINT Framework,Search Engines,Search Engine Guides,,,Google Search Operators Guide,http://googleguide.com/advanced_operators_reference.html
544,OSINT Framework,Search Engines,Search Engine Guides,,,Google Guide Cheat Sheet,http://googleguide.com/help/calculator.html
545,OSINT Framework,Forums,Forum Search Engines,,,BoardReader,http://boardreader.com/
546,OSINT Framework,Forums,Forum Search Engines,,,Omgili,http://omgili.com/
547,OSINT Framework,Forums,Forum Search Engines,,,Craigslist Forums,https://forums.craigslist.org/
548,OSINT Framework,Forums,Blog Search Engines,,,IceRocket,http://www.icerocket.com/advancedsearch?tab=blog&q=&n=&e=&a=&domain=&query=
549,OSINT Framework,Forums,Blog Search Engines,,,Live Journal Seek,http://ljseek.com/
550,OSINT Framework,Forums,Blog Search Engines,,,Topix,http://www.topix.com/search/article?q=
551,OSINT Framework,Forums,IRC Search,,,Mibbit,http://search.mibbit.com/
552,OSINT Framework,Forums,IRC Search,,,ircsnapshot (T),https://github.com/bwall/ircsnapshot
553,OSINT Framework,Archives,Web,,,Internet Archive: Wayback Machine,https://archive.org/web/
554,OSINT Framework,Archives,Web,,,Archive.is,https://archive.is/
555,OSINT Framework,Archives,Web,,,WebCite,http://webcitation.org/query
556,OSINT Framework,Archives,Web,,,Cached View,http://cachedview.com/
557,OSINT Framework,Archives,Web,,,Cached Pages,http://www.cachedpages.com/
558,OSINT Framework,Archives,Web,,,Textfiles.com,http://textfiles.com/
559,OSINT Framework,Archives,Web,,,UK Web Archive,http://www.webarchive.org.uk/ukwa/
560,OSINT Framework,Archives,Web,,,Screenshots.com,http://www.screenshots.com/
561,OSINT Framework,Archives,Data Leaks,,,Cryptome,http://cryptome.org/
562,OSINT Framework,Archives,Data Leaks,,,WikiLeaks,https://wikileaks.org/
563,OSINT Framework,Archives,Other Media,,,Library of Congress: Digitized Newspapers - 1836-1922,http://chroniclingamerica.loc.gov/
564,OSINT Framework,Archives,Other Media,,,Library of Congress: Newspaper Directory - 1690-Present,http://chroniclingamerica.loc.gov/search/titles/
565,OSINT Framework,Archives,Other Media,,,TV Closed Caption Search,https://archive.org/details/tv
566,OSINT Framework,Language Translation,Text,,,Google Translate,https://translate.google.com/
567,OSINT Framework,Language Translation,Text,,,Google Input Tools,https://www.google.com/inputtools/try/
568,OSINT Framework,Language Translation,Text,,,Bing Translate,http://www.bing.com/translator/
569,OSINT Framework,Language Translation,Text,,,Dictionary.com Translator,http://translate.reference.com/
570,OSINT Framework,Language Translation,Text,,,Wiktionary,https://www.wiktionary.org/
571,OSINT Framework,Language Translation,Pictures,,,Online OCR,http://www.free-ocr.com/
572,OSINT Framework,Language Translation,Pictures,,,i2OCR,http://www.i2ocr.com/
573,OSINT Framework,Language Translation,Pictures,,,New OCR,https://www.newocr.com/
574,OSINT Framework,Language Translation,Pictures,,,Online OCR,http://www.onlineocr.net/
575,OSINT Framework,Language Translation,Analysis,,,Personality Insights,https://watson-pi-demo.mybluemix.net/
576,OSINT Framework,Language Translation,Analysis,,,Tone Analyzer,https://tone-analyzer-demo.mybluemix.net/
577,OSINT Framework,Metadata,,,,ExifTool (T),http://www.sno.phy.queensu.ca/~phil/exiftool/
578,OSINT Framework,Metadata,,,,Metagoofil (T),http://www.edge-security.com/metagoofil.php
579,OSINT Framework,Metadata,,,,CodeTwo Outlook Export (T),http://www.codetwo.com/freeware/outlook-export/
580,OSINT Framework,Metadata,,,,IntelTechniques Metadata Tools,https://inteltechniques.com/intel/OSINT/photos.html
581,OSINT Framework,Mobile Emulation,Android,Emulation Tools,,Genymotion (T),https://www.genymotion.com/
582,OSINT Framework,Mobile Emulation,Android,Emulation Tools,,BlueStacks 2 (T),http://www.bluestacks.com/
583,OSINT Framework,Mobile Emulation,Android,Emulation Tools,,Andy Android Emulator (T),http://www.andyroid.net/
584,OSINT Framework,Mobile Emulation,Android,Apps,Social Networking,Facebook (T),https://play.google.com/store/apps/details?id=com.facebook.katana
585,OSINT Framework,Mobile Emulation,Android,Apps,Social Networking,LinkedIn (T),https://play.google.com/store/apps/details?id=com.linkedin.android
586,OSINT Framework,Mobile Emulation,Android,Apps,Social Networking,Twitter (T),https://play.google.com/store/apps/details?id=com.twitter.android
587,OSINT Framework,Mobile Emulation,Android,Apps,Social Networking,Pinterest (T),https://play.google.com/store/apps/details?id=com.pinterest
588,OSINT Framework,Mobile Emulation,Android,Apps,Instant Messaging,Signal Private Messenger (T),https://play.google.com/store/apps/details?id=org.thoughtcrime.securesms
589,OSINT Framework,Mobile Emulation,Android,Apps,Instant Messaging,Telegram (T),https://play.google.com/store/apps/details?id=org.telegram.messenger
590,OSINT Framework,Mobile Emulation,Android,Apps,Instant Messaging,Snapchat (T),https://play.google.com/store/apps/details?id=com.snapchat.android
591,OSINT Framework,Mobile Emulation,Android,Apps,Instant Messaging,WhatsApp Messenger (T),https://play.google.com/store/apps/details?id=com.whatsapp
592,OSINT Framework,Mobile Emulation,Android,Apps,Instant Messaging,Kik (T),https://play.google.com/store/apps/details?id=kik.android
593,OSINT Framework,Mobile Emulation,Android,Apps,Instant Messaging,Yik Yak (T),https://play.google.com/store/apps/details?id=com.yik.yak
594,OSINT Framework,Mobile Emulation,Android,Apps,Instant Messaging,LINE (T),https://play.google.com/store/apps/details?id=jp.naver.line.android
595,OSINT Framework,Mobile Emulation,Android,Apps,Pictures,Instagram (T),https://play.google.com/store/apps/details?id=com.instagram.android
596,OSINT Framework,Mobile Emulation,Android,Apps,Pictures,Flickr (T),https://play.google.com/store/apps/details?id=com.yahoo.mobile.client.android.flickr
597,OSINT Framework,Mobile Emulation,Android,Apps,Streaming Video,Periscope (T),https://play.google.com/store/apps/details?id=tv.periscope.android
598,OSINT Framework,Mobile Emulation,Android,Apps,Streaming Video,Meerkat (T),https://play.google.com/store/apps/details?id=co.getair.meerkat
599,OSINT Framework,Mobile Emulation,Android,Apps,Streaming Video,Vine (T),https://play.google.com/store/apps/details?id=co.vine.android
600,OSINT Framework,Mobile Emulation,Android,Apps,,Truecaller (T),https://play.google.com/store/apps/details?id=com.truecaller
601,OSINT Framework,Terrorism,,,,Global Terrorism Database,http://www.start.umd.edu/gtd/
602,OSINT Framework,Dark Web,General Info,,,DeepDotWeb,https://www.deepdotweb.com/
603,OSINT Framework,Dark Web,General Info,,,Reddit Deep Web,https://www.reddit.com/r/deepweb
604,OSINT Framework,Dark Web,General Info,,,Reddit DarkNetMarkets,https://www.reddit.com/r/darknetmarkets
605,OSINT Framework,Dark Web,General Info,,,Dark Net Stats,https://dnstats.net/
606,OSINT Framework,Dark Web,Clients,,,Tor Download (T),https://www.torproject.org/download/download-easy.html.en
607,OSINT Framework,Dark Web,Clients,,,I2P Anonymous Network (T),https://geti2p.net/en/
608,OSINT Framework,Dark Web,TOR Search,,,Onion Cab,https://onion.cab/
609,OSINT Framework,Dark Web,TOR Search,,,OnionLink,http://www.onion.link/
610,OSINT Framework,Dark Web,TOR Search,,,Ahmia,https://ahmia.fi/
611,OSINT Framework,Dark Web,TOR Directories,,,Hidden Wiki,http://thehiddenwiki.org/
612,OSINT Framework,Dark Web,TOR Directories,,,Core.onion,http://eqt5g4fuenphqinx.onion/
613,OSINT Framework,Dark Web,,,,Tor2web,https://tor2web.org/
614,OSINT Framework,Digital Currency,Bitcoin,,,Blocktrail,https://www.blocktrail.com/BTC
615,OSINT Framework,Digital Currency,Bitcoin,,,Blockchain.info,https://blockchain.info/
616,OSINT Framework,Digital Currency,Bitcoin,,,Block Explorer,https://blockexplorer.com/
617,OSINT Framework,Digital Currency,Bitcoin,,,Blockr.io,http://blockr.io/
618,OSINT Framework,Digital Currency,Bitcoin,,,Biteasy.com,https://www.biteasy.com/
619,OSINT Framework,Digital Currency,Bitcoin,,,BitRef,https://bitref.com/
620,OSINT Framework,Digital Currency,Bitcoin,,,Wallet Explorer,https://www.walletexplorer.com/
621,OSINT Framework,Digital Currency,Bitcoin,,,BitCluster,https://www.bit-cluster.com/
622,OSINT Framework,Digital Currency,Ethereum,,,Ether.Camp,https://live.ether.camp/transactions
623,OSINT Framework,Digital Currency,Ethereum,,,etherchain.org,https://etherchain.org/accounts/
624,OSINT Framework,Classifieds,,,,eBay,http://www.ebay.com/
625,OSINT Framework,Classifieds,,,,Goofbid,http://www.goofbid.com/
626,OSINT Framework,Classifieds,,,,Flippity,http://www.flippity.com/
627,OSINT Framework,Classifieds,,,,Craigslist,http://craigslist.org/
628,OSINT Framework,Classifieds,,,,SearchAllJunk,http://www.searchalljunk.com/
629,OSINT Framework,Classifieds,,,,TotalCraigSearch,http://www.totalcraigsearch.com/
630,OSINT Framework,Classifieds,,,,Backpage,http://www.backpage.com/
631,OSINT Framework,Classifieds,,,,Search Tempest,http://www.searchtempest.com/
632,OSINT Framework,Classifieds,,,,Oodle,http://www.oodle.com/
633,OSINT Framework,Classifieds,,,,Claz.org,http://claz.org/
634,OSINT Framework,Encoding / Decoding,Barcodes / QR,,,ClearImage Barcode Reader,http://online-barcode-reader.inliteresearch.com/
635,OSINT Framework,Encoding / Decoding,Javascript,,,JS Beautifier,http://jsbeautifier.org/
636,OSINT Framework,Encoding / Decoding,Javascript,,,JS NICE,http://jsnice.org/
637,OSINT Framework,Encoding / Decoding,Javascript,,,Firebug (T),https://getfirebug.com/downloads/
638,OSINT Framework,Encoding / Decoding,Javascript,,,SpiderMonkey (T),https://developer.mozilla.org/en-US/docs/Mozilla/Projects/SpiderMonkey
639,OSINT Framework,Encoding / Decoding,Javascript,,,Kahu Revelo (T),http://www.kahusecurity.com/tools/
640,OSINT Framework,Encoding / Decoding,Javascript,,,JavaScript Deobfuscator (T),https://addons.mozilla.org/en-US/firefox/addon/javascript-deobfuscator/
641,OSINT Framework,Encoding / Decoding,PHP,,,DDecode - PHP Decoder,http://ddecode.com/phpdecoder/
642,OSINT Framework,Encoding / Decoding,XOR,Unix,,XORSearch & XORStrings (T),http://blog.didierstevens.com/programs/xorsearch/
643,OSINT Framework,Encoding / Decoding,XOR,Unix,,xortool (T),https://github.com/hellman/xortool
644,OSINT Framework,Encoding / Decoding,XOR,Unix,,unxor (T),https://github.com/tomchop/unxor
645,OSINT Framework,Encoding / Decoding,XOR,Windows,,Kahu Converter Utilities (T),http://www.kahusecurity.com/tools/
646,OSINT Framework,Encoding / Decoding,XOR,Python,,iheartxor.py (T),http://hooked-on-mnemonics.blogspot.com/p/iheartxor.html
647,OSINT Framework,Encoding / Decoding,XOR,Python,,XORBruteForcer.py (T),http://eternal-todo.com/var/scripts/xorbruteforcer
648,OSINT Framework,Encoding / Decoding,XOR,Python,,NoMoreXOR.py (T),https://github.com/hiddenillusion/NoMoreXOR
649,OSINT Framework,Encoding / Decoding,XOR,Python,,Balbuzard (T),https://bitbucket.org/decalage/balbuzard
650,OSINT Framework,Tools,,,,Paterva / Maltego (T),http://www.paterva.com/web6/products/maltego.php
651,OSINT Framework,Tools,,,,Epic Privacy Browser (T),https://www.epicbrowser.com/
652,OSINT Framework,Tools,,,,Tails Live OS (T),https://tails.boum.org/
653,OSINT Framework,Malicious File Analysis,Search,,,Decalage Malware Search,http://decalage.info/en/mwsearch
654,OSINT Framework,Malicious File Analysis,Search,,,VirusShare.com,https://virusshare.com/
655,OSINT Framework,Malicious File Analysis,Search,,,#totalhash,https://totalhash.cymru.com/
656,OSINT Framework,Malicious File Analysis,Hosted Automated Analysis,,,VirusTotal,https://www.virustotal.com/
657,OSINT Framework,Malicious File Analysis,Hosted Automated Analysis,,,Malwr,https://malwr.com/
658,OSINT Framework,Malicious File Analysis,Hosted Automated Analysis,,,Hybrid Analysis,https://www.hybrid-analysis.com/
659,OSINT Framework,Malicious File Analysis,Hosted Automated Analysis,,,MalwareViz,https://www.malwareviz.com/
660,OSINT Framework,Malicious File Analysis,Hosted Automated Analysis,,,Anubis,http://anubis.iseclab.org/
661,OSINT Framework,Malicious File Analysis,Hosted Automated Analysis,,,Ether,http://ether.gtisc.gatech.edu/web_unpack
662,OSINT Framework,Malicious File Analysis,Hosted Automated Analysis,,,Eureka,http://eureka.cyber-ta.org/
663,OSINT Framework,Malicious File Analysis,Hosted Automated Analysis,Office Files,,XecScan,http://scan.xecure-lab.com/
664,OSINT Framework,Malicious File Analysis,Hosted Automated Analysis,Office Files,,JoeSandbox Document Analyzer,http://www.document-analyzer.net/
665,OSINT Framework,Malicious File Analysis,Hosted Automated Analysis,PDFs,,Wepawet,https://wepawet.iseclab.org/
666,OSINT Framework,Malicious File Analysis,Hosted Automated Analysis,PDFs,,ViCheck,https://www.vicheck.ca/
667,OSINT Framework,Malicious File Analysis,Office Files,,,Office Mal Scanner (T),http://www.reconstructer.org/
668,OSINT Framework,Malicious File Analysis,Office Files,,,OffVis (T),http://go.microsoft.com/fwlink/?LinkID=158791
669,OSINT Framework,Malicious File Analysis,PDFs,,,PDF Tools (T),http://blog.didierstevens.com/programs/pdf-tools/
670,OSINT Framework,Malicious File Analysis,PDFs,,,Origami Framework (T),https://code.google.com/archive/p/origami-pdf/
671,OSINT Framework,Malicious File Analysis,PCAPs,,,NetworkTotal,https://www.networktotal.com/
672,OSINT Framework,Exploits & Advisories,,,,Exploit DB,https://www.exploit-db.com/
673,OSINT Framework,Exploits & Advisories,,,,Packet Storm,https://packetstormsecurity.com/
674,OSINT Framework,Exploits & Advisories,,,,SecurityFocus,http://www.securityfocus.com/bid
675,OSINT Framework,Exploits & Advisories,,,,NVD - NIST,https://nvd.nist.gov/
676,OSINT Framework,Exploits & Advisories,,,,OSVDB: Open Sourced Vulnerability Database,http://osvdb.org/
677,OSINT Framework,Exploits & Advisories,,,,CVE Details,http://www.cvedetails.com/
678,OSINT Framework,Exploits & Advisories,,,,CVE - MITRE,http://cve.mitre.org/
679,OSINT Framework,Exploits & Advisories,,,,OWASP,https://www.owasp.org/index.php/Main_Page
680,OSINT Framework,OpSec,Persona Creation,,,Fake Name Generator,http://www.fakenamegenerator.com/
681,OSINT Framework,OpSec,Persona Creation,,,Fake Identity Generator,http://justdelete.me/fake-identity-generator/
682,OSINT Framework,OpSec,Persona Creation,,,Random User Generator,https://randomuser.me/
683,OSINT Framework,OpSec,Anonymous Browsing,TOR,,Tor Download (T),https://www.torproject.org/download/download-easy.html.en
684,OSINT Framework,OpSec,Anonymous Browsing,TOR,,I2P Anonymous Network (T),https://geti2p.net/en/
685,OSINT Framework,OpSec,Anonymous Browsing,Anonymous VPNs,,DeepDotWeb VPN Comparison Chart,https://www.deepdotweb.com/vpn-comparison-chart/
686,OSINT Framework,OpSec,Anonymous Browsing,Anonymous VPNs,,VPN Comparisons - That One Privacy Site,https://thatoneprivacysite.net/
687,OSINT Framework,OpSec,Anonymous Browsing,Spoof User-Agent,,UserAgentString.com,http://www.useragentstring.com/pages/useragentstring.php
688,OSINT Framework,OpSec,Anonymous Browsing,,,NoScript (T),https://noscript.net/
689,OSINT Framework,OpSec,Anonymous Browsing,,,Firefox-debloat,https://github.com/amq/firefox-debloat
690,OSINT Framework,OpSec,VPN Tests,,,IP / DNS Leak Detection,https://ipleak.net/
691,OSINT Framework,OpSec,VPN Tests,,,JonDonym,http://ip-check.info/?lang=en
692,OSINT Framework,OpSec,VPN Tests,,,DNS leak test,https://www.dnsleaktest.com/
693,OSINT Framework,OpSec,VPN Tests,,,DNS Leak Tests,http://dnsleak.com/
694,OSINT Framework,OpSec,VPN Tests,,,TorGuard,https://torguard.net/vpn-dns-leak-test.php
695,OSINT Framework,OpSec,VPN Tests,,,IPv6 Leak Tests,http://ipv6leak.com/
696,OSINT Framework,OpSec,VPN Tests,,,Email Leak Tests,http://emailipleak.com/
697,OSINT Framework,OpSec,VPN Tests,,,Perfect Privacy,https://www.perfect-privacy.com/check-ip/
698,OSINT Framework,OpSec,VPN Tests,,,WebRTC Leak Test,https://www.perfect-privacy.com/webrtc-leaktest/
699,OSINT Framework,OpSec,Proxy Tests,,,Proxychecker,https://proxycheck.haschek.at/
700,OSINT Framework,OpSec,Privacy / Clean Up,,,Just Delete Me,http://backgroundchecks.org/justdeleteme/
701,OSINT Framework,OpSec,Privacy / Clean Up,,,Accountkiller.com,https://www.accountkiller.com/en
702,OSINT Framework,OpSec,,,,Self-Destructing Cookies (T),https://addons.mozilla.org/en-US/firefox/addon/self-destructing-cookies/
703,OSINT Framework,Documentation,Web Browsing,,,Hunchly (T),http://www.hunch.ly/
704,OSINT Framework,Documentation,Web Browsing,,,Fiddler (T),https://www.telerik.com/download/fiddler
705,OSINT Framework,Documentation,Web Browsing,,,Burp Suite (T),https://portswigger.net/burp/download.html
706,OSINT Framework,Documentation,Web Browsing,,,Page2Images (T),http://www.page2images.com/URL-Live-Website-Screenshot-Generator
707,OSINT Framework,Documentation,Web Browsing,,,Archive.is,http://archive.is/
708,OSINT Framework,Documentation,Web Browsing,,,Web Page Saver,https://www.magnetforensics.com/free-tool-web-page-saver/
709,OSINT Framework,Documentation,Web Browsing,,,Snapper (T),https://github.com/dxa4481/Snapper
710,OSINT Framework,Documentation,Screen Capture,,,FRAPS (T),http://www.fraps.com/
711,OSINT Framework,Documentation,Screen Capture,,,ShareX (T),https://getsharex.com/
712,OSINT Framework,Documentation,Map Locations,,,BatchGeo,https://batchgeo.com/
713,OSINT Framework,Documentation,Map Locations,,,Google Street View - Hyperlapse,https://github.com/TeehanLax/Hyperlapse.js
714,OSINT Framework,Documentation,Map Locations,,,Teehan+Lax Labs - Hyperlapse,http://labs.teehanlax.com/project/hyperlapse
715,OSINT Framework,Documentation,Map Locations,,,Google Maps Streetview Player,http://brianfolts.com/driver/
716,OSINT Framework,Documentation,Map Locations,,,ZeeMaps,https://www.zeemaps.com/
717,OSINT Framework,Training,,,,AutomatingOSINT.com,http://register.automatingosint.com/
718,OSINT Framework,Training,,,,Open Source Intelligence Techniques,https://inteltechniques.com/
